{
	"Name": "Rancho BUV",
	"Author": "Camshaft Software LTD",
	"Type": "Automation",
	"ExporterVersion": 220114,
	"AutomationVersion": -2147483648,
	"Weight": 1063,
	"Power": 99,
	"Torque": 273,
	"Years": {
		"min": 2008,
		"max": 2008
	},
	"Drivetrain": "AWD",
	"Transmission": "Manual",
	"Propulsion": "ICE",
	"Fuel Type": "Gasoline",
	"defaultPaintName1": "Default1",
	"paints": {
		"Default1": {
			"baseColor": [ 0.388235, 0.388235, 0.388235, 1 ],
			"clearcoat": 0,
			"clearcoatRoughness": 0,
			"metallic": 0,
			"roughness": 0
		},
		"Black": {
			"baseColor": [ 0.01, 0.01, 0.01, 2 ],
			"clearcoat": 0,
			"clearcoatRoughness": 0,
			"metallic": 0,
			"roughness": 0
		},
		"White": {
			"baseColor": [ 1, 1, 1, 2 ],
			"clearcoat": 0,
			"clearcoatRoughness": 0,
			"metallic": 0,
			"roughness": 0
		},
		"Red": {
			"baseColor": [ 0.7, 0.1, 0.1, 2 ],
			"clearcoat": 0,
			"clearcoatRoughness": 0,
			"metallic": 0,
			"roughness": 0
		},
		"Blue": {
			"baseColor": [ 0.1, 0.2, 0.4, 2 ],
			"clearcoat": 0,
			"clearcoatRoughness": 0,
			"metallic": 0,
			"roughness": 0
		}
	}
}
