{
	"Name": "Proton TB",
	"Author": "Camshaft Software LTD",
	"Type": "Automation",
	"ExporterVersion": 220114,
	"AutomationVersion": -2147483648,
	"Weight": 1220,
	"Power": 290,
	"Torque": 423,
	"Years": {
		"min": 2000,
		"max": 2000
	},
	"Drivetrain": "AWD",
	"Transmission": "Manual",
	"Propulsion": "ICE",
	"Fuel Type": "Gasoline",
	"defaultPaintName1": "Default1",
	"paints": {
		"Default1": {
			"baseColor": [ 0, 0.854902, 0.133333, 1 ],
			"clearcoat": 1,
			"clearcoatRoughness": 0,
			"metallic": 0.55,
			"roughness": 0.1925
		},
		"Black": {
			"baseColor": [ 0.01, 0.01, 0.01, 2 ],
			"clearcoat": 1,
			"clearcoatRoughness": 0,
			"metallic": 0.55,
			"roughness": 0.1925
		},
		"White": {
			"baseColor": [ 1, 1, 1, 2 ],
			"clearcoat": 1,
			"clearcoatRoughness": 0,
			"metallic": 0.55,
			"roughness": 0.1925
		},
		"Red": {
			"baseColor": [ 0.7, 0.1, 0.1, 2 ],
			"clearcoat": 1,
			"clearcoatRoughness": 0,
			"metallic": 0.55,
			"roughness": 0.1925
		},
		"Blue": {
			"baseColor": [ 0.1, 0.2, 0.4, 2 ],
			"clearcoat": 1,
			"clearcoatRoughness": 0,
			"metallic": 0.55,
			"roughness": 0.1925
		}
	}
}
